{
	"name": "tidy5e-sheet",
	"title": "Tidy5e Sheet",
	"description": "Replaces the default D&D 5e character and NPC sheet with an alternate layout focused on a cleaner UI",
	"version": "0.2.2",
	"author": "sdenec#3813",
	"minimumCoreVersion": "0.6.0",
	"compatibleCoreVersion": "0.6.3",
	"systems": ["dnd5e"],
	"esmodules": [
		"tidy5e-sheet.js",	
		"tidy5e-favorites.js",
		"tidy5e-npc.js"
	],
	"styles": [
		"styles/tidy5e-sheet.css",
		"styles/tidy5e-items.css",
		"styles/tidy5e-modules.css",
		"styles/tidy5e-npc.css",
		"styles/darkmode/tidy5e-darksheet.css",
		"styles/darkmode/tidy5e-darknpc.css",
		"styles/darkmode/tidy5e-darkitems.css",
		"styles/darkmode/tidy5e-darkmodules.css"
	],
	"languages": [
		{
			"lang": "en",
			"name": "English",
			"path": "lang/en.json"
		},
		{
			"lang": "de",
			"name": "Deutsch",
			"path": "lang/de.json"
		}
	],
  "url": "https://github.com/sdenec/tidy5e-sheet",
  "manifest": "https://raw.githubusercontent.com/sdenec/tidy5e-sheet/master/module.json",
  "download": "https://github.com/sdenec/tidy5e-sheet/raw/master/tidy5e-sheet.zip"
}