{
	"name": "tidy5e-sheet",
	"title": "Tidy5e Sheet",
	"description": "Replaces the default D&D 5e character sheet with an alternate layout focused on a cleaner UI",
	"version": "0.1.6",
	"author": "sdenec#3813",
	"minimumCoreVersion": "0.6.0",
	"compatibleCoreVersion": "0.6.0",
	"systems": ["dnd5e"],
	"esmodules": ["tidy5e-sheet.js"],
	"styles": ["/styles/tidy5e-sheet.css"],
  "url": "https://github.com/sdenec/tidy5e-sheet",
  "manifest": "https://raw.githubusercontent.com/sdenec/tidy5e-sheet/master/module.json",
  "download": "https://github.com/sdenec/tidy5e-sheet/raw/master/tidy5e-sheet.zip"
}